px	py	v	yaw_angle	yaw_rate	px_measured	py_measured	px_true	py_true	vx_true	vy_true	NIS
0.312243	0.58034	0	0	0	0.312243	0.58034	0.6	0.6	5.19994	0	3.08297e-321
0.75792	0.732528	8.22907	3.62207e-17	3.79866e-18	0.862916	0.534212	0.859997	0.600045	5.19975	0.00179686	42.8352
1.17173	0.482491	8.26304	-0.0148576	-0.00138651	1.17385	0.481073	1.11998	0.600225	5.19943	0.00538996	0.0313022
1.24345	0.527908	7.99049	0.203962	0.034191	0.969149	0.397513	1.37996	0.600629	5.19898	0.0107781	1.81579
1.62852	0.620573	8.58827	0.306866	0.0506197	1.65063	0.62469	1.6399	0.601347	5.19839	0.0179597	0.282562
1.80734	0.551485	5.66356	0.111081	-0.0324739	1.62331	0.499091	1.89982	0.60247	5.19766	0.0269323	3.72327
2.16238	0.64001	6.4896	0.155726	-0.0117563	2.18882	0.648739	2.1597	0.604086	5.19678	0.0376932	0.189417
2.29801	0.649579	5.1821	0.144728	-0.03885	1.96701	0.557117	2.41954	0.606284	5.19573	0.0502389	2.31996
2.63745	0.669491	5.69034	0.118562	-0.0673599	2.65526	0.66598	2.67932	0.609155	5.1945	0.0645654	0.0908828
2.87936	0.647977	5.37267	0.0679524	-0.203022	2.92034	0.645898	2.93904	0.612786	5.19309	0.080668	0.213992
3.0367	0.6425	4.9076	0.0468516	-0.245904	3.01222	0.637046	3.19869	0.617267	5.19147	0.0985415	0.142633
3.39116	0.522087	5.35615	-0.102043	-0.578088	3.56096	0.485311	3.45825	0.622685	5.18963	0.11818	1.68118
3.83238	0.351556	6.01884	-0.268021	-0.880582	3.89365	0.311793	3.71772	0.62913	5.18754	0.139576	0.995561
4.0604	0.524322	5.70172	-0.0889339	-0.387872	4.19786	0.698311	3.97708	0.636689	5.18519	0.162724	4.44156
4.31831	0.562409	5.64765	-0.0506406	-0.258413	4.30935	0.578564	4.23632	0.645449	5.18256	0.187614	0.0655273
4.53207	0.618484	5.38325	-0.015807	-0.17542	4.61908	0.68951	4.49542	0.655498	5.17962	0.214238	0.926307
4.50548	0.82693	4.56303	0.12407	0.0903449	4.35143	0.899174	4.75437	0.666921	5.17634	0.242587	3.92994
4.83791	0.737768	4.86502	0.0316293	-0.0922909	5.20901	0.66599	5.01315	0.679804	5.1727	0.272649	3.23462
5.355	0.67748	5.56829	-0.0113771	-0.144093	5.51894	0.648233	5.27175	0.694234	5.16867	0.304413	3.35934
5.58196	0.674199	5.4751	-0.0179167	-0.142705	5.22834	0.639362	5.53013	0.710295	5.16422	0.337868	1.59146
5.95502	0.700674	5.71652	0.00651567	-0.0834251	6.022	0.708619	5.78828	0.728072	5.15932	0.372999	0.524662
6.08873	0.544169	5.29641	-0.132369	-0.319257	5.89392	0.373584	6.04618	0.747647	5.15393	0.409793	4.62259
6.35451	0.815348	5.29693	0.0650587	0.0113139	6.34249	0.948833	6.30379	0.769103	5.14803	0.448233	2.61744
6.57714	0.828433	5.17318	0.0587963	-0.00214712	6.62134	0.836138	6.5611	0.792523	5.14157	0.488305	0.359939
6.80266	0.757795	5.10865	0.00199372	-0.084956	6.78214	0.714036	6.81808	0.817988	5.13452	0.52999	0.298452
7.02052	0.703538	4.96029	-0.0433458	-0.150032	7.29121	0.630741	7.07469	0.845578	5.12685	0.573269	2.04385
7.20097	0.854124	4.82986	0.0448745	-0.020371	7.13735	0.957217	7.3309	0.875373	5.11851	0.618123	1.57882
7.60544	0.861256	5.22864	0.0506802	-0.00416206	8.08349	0.819605	7.58668	0.907449	5.10946	0.664531	5.42856
7.83093	0.781838	5.15703	-0.00475593	-0.0782335	7.80533	0.719126	7.84199	0.941886	5.09966	0.712469	0.501067
8.06621	0.789932	5.0412	-0.00792592	-0.0831027	8.40453	0.884557	8.0968	0.978759	5.08907	0.761915	2.30186
8.28199	0.816266	4.97387	0.00296318	-0.0640576	8.24796	0.840322	8.35106	1.01814	5.07766	0.812843	0.160507
8.61404	0.954519	5.24225	0.0853594	0.0575141	8.45858	1.41118	8.60472	1.06011	5.06537	0.865226	6.70586
8.80972	1.01402	5.11936	0.107003	0.0811417	8.74615	1.04858	8.85775	1.10473	5.05216	0.919037	0.470148
9.16299	1.06003	5.29618	0.121891	0.0957052	9.8809	1.1419	9.1101	1.15208	5.03798	0.974245	6.53609
9.3383	1.06725	5.12467	0.112946	0.077587	9.25579	1.04913	9.36172	1.20223	5.0228	1.03082	0.653999
9.67047	1.16349	5.29185	0.152543	0.12534	10.1016	1.52474	9.61255	1.25524	5.00656	1.08873	4.23811
9.99231	1.33163	5.43297	0.225691	0.214051	10.0484	1.44598	9.86254	1.31118	4.98922	1.14794	1.52082
10.2026	1.44131	5.22993	0.268693	0.263516	10.5377	1.72555	10.1117	1.37011	4.97074	1.20841	4.39799
10.3504	1.48555	5.0225	0.274269	0.25592	10.2492	1.45907	10.3598	1.4321	4.95106	1.2701	0.97946
10.5662	1.57575	4.90131	0.30459	0.285049	10.9084	1.70343	10.6069	1.49721	4.93014	1.33298	2.55681
10.7665	1.55357	4.80688	0.270388	0.220607	10.7313	1.45265	10.853	1.56549	4.90794	1.39701	0.992917
11.0997	1.59739	5.03697	0.256001	0.180443	11.4783	1.42876	11.0979	1.637	4.8844	1.46213	2.88989
11.4678	1.63558	5.27031	0.235463	0.136393	11.587	1.61462	11.3416	1.71179	4.85948	1.52832	1.34103
11.648	1.68029	5.07368	0.244195	0.142424	11.4763	1.53917	11.584	1.78992	4.83313	1.59551	1.33307
11.8343	1.74583	4.96194	0.260974	0.156865	11.7788	1.74591	11.8251	1.87144	4.80531	1.66366	0.281895
12.1315	1.84369	5.1423	0.276343	0.163763	12.136	2.14937	12.0647	1.95639	4.77598	1.73273	1.55649
12.3516	1.85283	5.06595	0.255112	0.123584	12.3226	1.78353	12.3029	2.04482	4.74508	1.80265	0.474017
12.6333	1.90603	5.18336	0.247498	0.101397	12.5457	1.77728	12.5394	2.13677	4.71257	1.87338	0.752891
12.7295	2.07302	4.93358	0.330203	0.210463	12.5924	2.17509	12.7743	2.23227	4.67842	1.94485	2.70488
13.0757	2.19295	5.24919	0.338366	0.198607	13.2198	2.6644	13.0075	2.33137	4.64258	2.01701	4.04764
13.1974	2.34577	5.044	0.403334	0.276993	13.0875	2.40708	13.2388	2.43409	4.605	2.08981	1.49002
13.3082	2.50418	4.82538	0.472414	0.36005	12.7087	3.12439	13.4682	2.54047	4.56565	2.16317	7.01004
13.6854	2.61029	5.12968	0.45513	0.306275	13.836	2.62479	13.6955	2.65053	4.52448	2.23703	2.112
13.8894	2.7272	5.0729	0.478882	0.320784	13.8302	2.73893	13.9208	2.7643	4.48147	2.31134	0.114543
14.1607	2.8854	5.18664	0.504894	0.33266	14.2106	2.94205	14.1439	2.88179	4.43656	2.38601	0.460749
14.4489	2.99599	5.32664	0.492277	0.282928	14.5568	2.87021	14.3646	3.00303	4.38974	2.46099	0.741725
14.5743	3.03569	5.07274	0.489697	0.264217	14.4616	2.90734	14.583	3.12802	4.34097	2.5362	2.3307
14.8381	3.19973	5.22622	0.508052	0.262456	14.6754	3.96041	14.7989	3.25679	4.29021	2.61157	3.65537
15.0348	3.40961	5.23376	0.570473	0.33184	15.0261	3.5067	15.0122	3.38932	4.23744	2.68703	0.788832
15.2356	3.59283	5.19731	0.618605	0.38437	15.3685	4.14761	15.2228	3.52563	4.18263	2.76249	2.32122
15.4832	3.77735	5.28989	0.642515	0.389308	15.5236	3.82936	15.4306	3.66572	4.12575	2.83789	0.336973
15.6858	3.91047	5.24977	0.652244	0.377226	15.7234	3.4105	15.6355	3.80957	4.06678	2.91315	1.18698
15.9439	4.03506	5.30496	0.637525	0.328249	15.9774	4.00094	15.8375	3.95719	4.00571	2.98817	0.232577
16.1002	4.20872	5.15994	0.692286	0.40056	16.3376	4.21632	16.0363	4.10854	3.94251	3.0629	1.76906
16.3114	4.40197	5.21067	0.719957	0.41056	16.3313	4.44499	16.2319	4.26363	3.87716	3.13723	0.16633
16.5426	4.56934	5.26559	0.724273	0.386066	16.7586	4.48231	16.4242	4.42242	3.80966	3.21109	0.543899
16.6664	4.72367	5.13278	0.760676	0.413056	16.6039	4.67344	16.613	4.5849	3.74	3.28438	0.529278
16.7656	4.92854	4.95812	0.843176	0.525911	16.9236	5.10119	16.7983	4.75103	3.66817	3.35704	2.22542
16.9604	5.14904	5.04519	0.871267	0.526766	16.9955	5.21099	16.9799	4.92077	3.59416	3.42897	0.371935
17.1424	5.31475	5.04677	0.875687	0.494528	17.3421	4.64623	17.1579	5.09409	3.51797	3.50008	1.76917
17.299	5.48077	5.01123	0.889707	0.479798	17.2894	5.43542	17.3319	5.27094	3.4396	3.57028	0.153109
17.4492	5.64389	4.95607	0.905525	0.472244	17.6463	4.74597	17.5019	5.45128	3.35907	3.63949	2.96638
17.7228	5.74485	5.0097	0.834701	0.33456	17.7853	5.62476	17.6679	5.63506	3.27637	3.70762	1.6594
17.8213	5.94475	4.88471	0.902702	0.426691	17.9216	6.07151	17.8297	5.82221	3.19151	3.77458	1.17825
18.0606	6.13971	5.00947	0.882413	0.364973	18.1263	6.16985	17.9872	6.01269	3.10453	3.84027	0.500584
18.1949	6.35174	4.98841	0.922911	0.402409	18.1245	6.79027	18.1402	6.20641	3.01542	3.90462	0.751034
18.2608	6.59967	4.94512	1.00162	0.487175	18.2164	6.66138	18.2888	6.40332	2.92421	3.96753	0.554014
18.3991	6.81574	4.96386	1.02494	0.485724	18.4022	7.02231	18.4328	6.60333	2.83093	4.0289	0.179251
18.5503	6.92816	4.86139	1.00096	0.417749	18.5422	6.76013	18.572	6.80638	2.7356	4.08867	1.99075
18.7391	7.13359	4.95293	0.983574	0.353043	18.8089	7.24388	18.7064	7.01237	2.63825	4.14672	0.483682
19.0472	7.26811	5.05879	0.88602	0.185874	19.1441	7.18344	18.8359	7.22122	2.53893	4.20299	1.74831
19.0001	7.46401	4.75215	1.02089	0.390793	18.5479	7.4012	18.9604	7.43283	2.43767	4.25737	5.88646
19.0466	7.74472	4.77286	1.10672	0.485374	19.0138	7.8688	19.0798	7.64712	2.3345	4.3098	1.27649
19.2024	7.94756	4.83518	1.09128	0.417994	19.3089	7.67375	19.1939	7.86397	2.22949	4.36017	0.522667
19.2025	8.15716	4.71039	1.17094	0.503888	19.132	8.12845	19.3028	8.08329	2.12266	4.40842	0.604219
19.3409	8.35763	4.7849	1.14094	0.397892	19.0239	8.17194	19.4062	8.30497	2.01409	4.45445	2.49581
19.3909	8.48477	4.60565	1.16204	0.402278	19.347	8.30741	19.5042	8.5289	1.90381	4.49819	2.27983
19.5004	8.68844	4.61565	1.16733	0.379913	19.6843	8.35902	19.5966	8.75494	1.7919	4.53956	0.386393
19.8479	8.88501	4.83731	1.02799	0.149865	20.0039	8.8906	19.6835	8.983	1.67841	4.57848	2.87449
19.8263	9.09537	4.64305	1.14482	0.333323	19.6061	9.48659	19.7645	9.21294	1.56341	4.61488	2.84507
20.0639	9.35213	4.84966	1.08868	0.22797	20.1574	9.45949	19.8398	9.44463	1.44697	4.64869	1.71941
19.9865	9.562	4.60608	1.23388	0.447193	19.6163	9.76606	19.9093	9.67795	1.32916	4.67984	4.12574
20.1185	9.82075	4.72495	1.23206	0.411829	20.1573	9.90876	19.9728	9.91275	1.21005	4.70826	0.678299
20.1704	10.0726	4.76697	1.26658	0.421938	19.1911	11.5493	20.0303	10.1489	1.08972	4.73389	7.31359
20.1909	10.3567	4.81803	1.33114	0.483159	20.166	10.4687	20.0818	10.3863	0.968259	4.75666	0.928591
20.1539	10.5839	4.7325	1.41414	0.57202	19.6775	10.803	20.1271	10.6247	0.845742	4.77652	1.96134
20.3058	10.8805	4.9202	1.38016	0.479689	20.371	11.0109	20.1663	10.864	0.722256	4.7934	1.66037
20.3163	11.1404	4.939	1.42327	0.500428	19.4335	12.3402	20.1993	11.1041	0.597892	4.80727	4.95314
20.3277	11.3711	4.90677	1.46074	0.518771	20.3164	11.3483	20.2261	11.3449	0.472738	4.81807	0.0515956
20.1679	11.5991	4.77231	1.61368	0.715267	19.2063	12.2418	20.2466	11.5861	0.346889	4.82575	6.87132
20.4576	11.8833	4.98599	1.4552	0.432767	20.6141	11.9422	20.2608	11.8275	0.220439	4.83027	3.47965
20.4536	12.1144	4.96749	1.48046	0.421551	19.966	11.9688	20.2687	12.0692	0.093487	4.83159	3.03768
20.3813	12.3989	5.0001	1.5658	0.513472	20.3263	12.4966	20.2701	12.3108	-0.0338694	4.82968	0.956324
20.25	12.6192	4.89775	1.68744	0.668699	20.0192	12.4823	20.2652	12.5522	-0.161529	4.82451	1.92901
20.4035	12.8848	4.98311	1.59949	0.492382	20.498	12.8924	20.254	12.7933	-0.28939	4.81605	1.18624
20.3531	13.1086	4.92164	1.6626	0.56375	20.9151	12.2555	20.2363	13.0339	-0.417348	4.80428	2.30514
20.2289	13.283	4.79242	1.75553	0.659364	20.1943	13.1688	20.2122	13.2738	-0.545298	4.78918	1.12968
20.2246	13.5216	4.8187	1.73754	0.559031	19.858	13.5236	20.1818	13.5129	-0.673135	4.77072	1.7096
20.2845	13.8114	4.91223	1.69527	0.455633	20.3245	13.8896	20.1449	13.7509	-0.800753	4.74892	0.716631
20.1705	14.0191	4.84699	1.78548	0.568338	20.3387	13.5307	20.1017	13.9878	-0.928043	4.72374	1.23752
20.1274	14.2814	4.89493	1.80478	0.554342	20.1216	14.337	20.0521	14.2233	-1.0549	4.69521	0.207396
20.0352	14.5006	4.87723	1.84629	0.563835	19.6717	14.4038	19.9962	14.4573	-1.18121	4.66331	1.54055
19.8528	14.7264	4.89162	1.9509	0.674548	19.781	14.773	19.934	14.6897	-1.30687	4.62805	0.677819
19.8401	14.958	4.88937	1.90177	0.521137	20.1149	14.0165	19.8655	14.9202	-1.43177	4.58944	3.87248
19.9257	15.2241	4.89555	1.81184	0.352255	20.0208	15.2053	19.7908	15.1486	-1.55581	4.54751	1.09147
19.6485	15.3684	4.78285	2.04322	0.7315	20.0157	15.3443	19.7099	15.3749	-1.67887	4.50226	7.13291
19.7651	15.6187	4.75385	1.92335	0.505378	19.9131	15.554	19.6229	15.5989	-1.80085	4.45372	2.53831
19.6294	15.8001	4.71044	1.99417	0.577444	19.9388	15.0864	19.5298	15.8203	-1.92164	4.40193	1.67564
19.4969	16.0028	4.71397	2.04691	0.611929	19.4748	16.0098	19.4307	16.039	-2.04114	4.3469	0.0544718
19.4124	16.2165	4.71612	2.03785	0.529836	19.1556	16.0022	19.3257	16.2549	-2.15925	4.28868	1.67741
19.2425	16.3558	4.64616	2.12121	0.613474	19.238	16.2719	19.2148	16.4679	-2.27586	4.22731	0.578666
19.1421	16.5586	4.64313	2.13204	0.581443	19.4007	16.2962	19.0981	16.6777	-2.39087	4.16284	0.282055
19.023	16.7833	4.68861	2.14812	0.561744	19.0029	16.8387	18.9757	16.8841	-2.50418	4.0953	0.228322
18.8275	16.9528	4.69896	2.26272	0.730425	18.8373	17.7112	18.8477	17.0872	-2.61571	4.02476	5.02142
18.6856	17.2232	4.83099	2.26185	0.67324	18.6148	17.3832	18.7142	17.2866	-2.72534	3.95127	2.00086
18.6554	17.4835	4.8266	2.15497	0.42716	18.8177	17.0316	18.5752	17.4822	-2.83299	3.87489	3.00938
18.2662	17.5513	4.87535	2.3754	0.713709	18.1023	17.5529	18.4309	17.674	-2.93858	3.79568	3.04863
18.2206	17.8067	4.85773	2.26101	0.451263	18.2749	17.4877	18.2814	17.8617	-3.042	3.71372	3.08508
18.1535	18.0415	4.83749	2.21324	0.35008	18.2094	18.0461	18.1268	18.0453	-3.14318	3.62906	0.36798
17.9015	18.1324	4.81037	2.35036	0.547068	18.3021	17.498	17.9671	18.2246	-3.24204	3.5418	2.65503
17.8061	18.2945	4.72505	2.33888	0.492667	17.9018	18.2183	17.8026	18.3994	-3.3385	3.45199	0.995171
17.7022	18.5007	4.7105	2.32794	0.45846	18.8558	18.1364	17.6334	18.5697	-3.43247	3.35973	5.75131
17.4673	18.6552	4.77613	2.39549	0.521726	17.3845	18.7039	17.4595	18.7353	-3.5239	3.26509	0.651312
17.2706	18.7784	4.75474	2.44904	0.562981	17.7945	18.0801	17.281	18.8962	-3.61271	3.16817	1.60129
17.1239	18.9237	4.7089	2.45972	0.5387	17.1762	18.8863	17.0983	19.0521	-3.69883	3.06904	0.271161
16.9861	19.1262	4.72235	2.44299	0.483057	16.9398	19.7311	16.9113	19.203	-3.78221	2.9678	2.60598
16.6522	19.1202	4.73743	2.6175	0.700435	16.5734	19.052	16.7201	19.3488	-3.86278	2.86455	1.48646
16.5266	19.3425	4.74717	2.5555	0.5546	16.1674	20.2201	16.5251	19.4894	-3.9405	2.75938	4.31803
16.3134	19.5275	4.82933	2.55993	0.518762	16.2338	19.6171	16.3262	19.6246	-4.01531	2.65237	0.925508
16.0507	19.5581	4.80644	2.65134	0.598158	16.4366	18.2742	16.1237	19.7545	-4.08716	2.54364	8.83836
15.9146	19.7917	4.82017	2.58069	0.451851	15.9243	19.8703	15.9176	19.8789	-4.15602	2.43329	0.747677
15.7269	19.9207	4.79342	2.58061	0.403352	16.2328	19.2166	15.7082	19.9978	-4.22185	2.32141	1.96055
15.5111	20.1036	4.86786	2.57322	0.361807	15.4332	20.1836	15.4956	20.111	-4.28461	2.2081	0.812733
15.2844	20.2318	4.90748	2.62056	0.428086	14.3677	21.3406	15.2799	20.2185	-4.34427	2.09347	5.20386
15.1435	20.4229	4.86787	2.57349	0.329519	15.2016	20.4385	15.0613	20.3203	-4.4008	1.97763	0.394526
14.847	20.4151	4.88577	2.71142	0.517142	14.7476	19.9571	14.84	20.4162	-4.4542	1.86068	3.49031
14.6597	20.5746	4.88751	2.68943	0.447631	14.6665	20.6088	14.6161	20.5063	-4.50443	1.74272	0.158267
14.3919	20.6191	4.92001	2.77781	0.560802	13.841	21.0031	14.3897	20.5904	-4.55149	1.62386	1.28567
14.101	20.6192	4.95311	2.87563	0.661541	14.0521	20.5924	14.1611	20.6686	-4.59537	1.50421	0.373233
13.8851	20.7234	4.94221	2.87013	0.599066	13.8232	20.859	13.9304	20.7408	-4.63606	1.38386	0.243123
13.5725	20.7213	5.02544	2.96079	0.685148	13.4686	20.7253	13.6977	20.807	-4.67357	1.26294	0.820544
13.3361	20.7632	5.00697	2.98939	0.674695	13.8263	20.4261	13.4632	20.8671	-4.70789	1.14153	0.663415
13.1011	20.8192	5.00013	3.00625	0.650198	13.1072	20.8294	13.2271	20.9211	-4.73904	1.01975	0.0195263
12.8971	20.9367	4.96069	2.97316	0.554704	13.2669	21.1579	12.9895	20.969	-4.76702	0.897694	2.16484
12.7399	21.0549	4.8425	2.93282	0.458443	12.8729	21.0592	12.7506	21.0108	-4.79186	0.775469	1.30609
12.4685	21.053	4.90391	3.00964	0.555577	11.5171	21.6724	12.5106	21.0465	-4.81358	0.653175	2.88952
12.2238	21.0971	4.91479	3.02761	0.540903	12.2062	21.11	12.2695	21.0761	-4.83219	0.530912	0.0333812
11.9815	21.1015	4.92311	3.07997	0.593175	12.3859	21.1066	12.0276	21.0996	-4.84773	0.408778	0.869397
11.6944	20.9466	4.9713	3.22461	0.760904	11.6814	20.8651	11.785	21.117	-4.86022	0.286869	0.928595
11.4682	20.9785	4.90598	3.20039	0.643267	11.5265	20.6748	11.5418	21.1283	-4.86971	0.165281	1.45079
11.2786	21.0418	4.81477	3.17378	0.559619	11.363	21.0688	11.2982	21.1335	-4.87623	0.0441057	0.64387
11.0094	20.956	4.85568	3.24333	0.607081	10.5558	20.5567	11.0544	21.1327	-4.87982	-0.076565	4.03196
10.8085	20.9349	4.78965	3.26711	0.599307	10.8903	20.927	10.8105	21.1259	-4.88053	-0.196643	0.43419
10.5661	20.983	4.7564	3.22347	0.468764	9.30535	21.3896	10.5666	21.1131	-4.8784	-0.31604	4.59455
10.3007	21.1156	4.7785	3.14248	0.315241	10.189	21.209	10.3229	21.0943	-4.87349	-0.434674	1.74116
10.05	21.0296	4.85056	3.2402	0.464758	9.97958	21.2932	10.0795	21.0697	-4.86585	-0.552463	1.58173
9.8683	20.9965	4.75429	3.26766	0.472872	9.99634	20.9797	9.83658	21.0391	-4.85554	-0.669327	1.06848
9.63682	21.0103	4.72523	3.25151	0.405001	9.38223	21.111	9.59422	21.0028	-4.84262	-0.785189	0.351595
9.44246	20.9174	4.67883	3.31619	0.470724	9.53921	20.8762	9.35258	20.9607	-4.82714	-0.899977	0.770771
9.22287	20.8661	4.68487	3.35732	0.51074	9.63392	20.9724	9.11177	20.9128	-4.80919	-1.01362	1.18544
8.90622	20.8108	4.84001	3.37928	0.502219	8.70331	20.8221	8.87192	20.8594	-4.78881	-1.12605	2.65573
8.69078	20.7128	4.81798	3.42717	0.53075	9.84634	20.009	8.63315	20.8003	-4.76608	-1.2372	4.42169
8.38692	20.5344	4.99476	3.51905	0.621594	8.22277	20.4839	8.39557	20.7358	-4.74108	-1.34701	2.10914
8.16491	20.5023	4.92886	3.49924	0.536826	8.29647	20.4978	8.1593	20.6657	-4.71387	-1.45542	0.409914
7.9213	20.4381	4.94137	3.5075	0.509402	7.88599	20.45	7.92445	20.5903	-4.68453	-1.56237	0.100859
7.71143	20.3625	4.93236	3.54076	0.540289	8.29081	20.6565	7.69111	20.5096	-4.65313	-1.66781	3.36899
7.38779	20.356	5.0311	3.49198	0.427113	7.18029	20.392	7.45939	20.4237	-4.61975	-1.7717	3.04352
7.15083	20.2434	5.0501	3.52674	0.444636	7.09214	20.1196	7.22939	20.3326	-4.58448	-1.87399	0.238633
6.88564	20.1762	5.08368	3.52377	0.407031	6.81542	20.1859	7.00119	20.2364	-4.54738	-1.97462	0.345131
6.65911	20.0883	5.07162	3.54284	0.40936	6.89359	20.1536	6.7749	20.1352	-4.50854	-2.07357	0.328395
6.41522	20.0064	5.07876	3.54865	0.387735	6.38914	20.0137	6.55059	20.0292	-4.46805	-2.17079	0.0550143
6.20185	19.9168	5.06694	3.57681	0.417822	6.67637	20.2142	6.32834	19.9183	-4.42598	-2.26625	2.62478
5.93735	19.8287	5.10948	3.57694	0.386485	5.86119	19.8306	6.10823	19.8027	-4.38241	-2.35993	0.389751
5.70462	19.6156	5.22103	3.66782	0.503219	5.28178	19.5036	5.89034	19.6824	-4.33744	-2.45178	1.67206
5.54586	19.5302	5.08414	3.67952	0.486333	5.69089	19.5755	5.67472	19.5577	-4.29114	-2.5418	1.5277
5.34717	19.358	5.08766	3.7282	0.518319	5.9506	18.9859	5.46145	19.4284	-4.24359	-2.62995	1.79048
5.13339	19.3569	4.96019	3.67066	0.397836	5.17021	19.4397	5.25059	19.2948	-4.19488	-2.71622	0.875997
4.94652	19.256	4.90518	3.68549	0.39554	5.87397	19.301	5.04219	19.157	-4.1451	-2.80059	3.24358
4.80254	19.0237	4.91922	3.78223	0.508996	4.89149	18.982	4.8363	19.015	-4.09432	-2.88305	0.868069
4.59472	18.8613	4.97022	3.81775	0.531295	3.98679	19.0452	4.63297	18.8689	-4.04263	-2.96359	1.32087
4.41633	18.7795	4.87137	3.80558	0.476218	4.4685	18.834	4.43224	18.7188	-3.99012	-3.0422	0.461507
4.23491	18.6496	4.81256	3.81108	0.439344	4.69245	18.4634	4.23416	18.5648	-3.93685	-3.11888	0.969057
4.12653	18.4695	4.74297	3.8746	0.501636	4.26269	18.481	4.03876	18.4071	-3.88293	-3.19362	1.27809
3.95561	18.2494	4.90164	3.96243	0.628585	3.42434	18.8357	3.84606	18.2457	-3.82841	-3.26644	5.79207
3.66316	18.1587	4.95498	3.89841	0.487823	3.45919	18.167	3.65611	18.0807	-3.77339	-3.33732	3.0659
3.49894	18.0434	4.83194	3.88698	0.423311	4.3011	17.9267	3.46891	17.9122	-3.71795	-3.40627	2.69749
3.26396	17.8205	4.98497	3.91482	0.43054	3.12525	17.7493	3.28449	17.7402	-3.66215	-3.47331	1.64083
3.08826	17.6109	5.07555	3.96845	0.494987	2.65664	17.888	3.10287	17.565	-3.60609	-3.53844	1.75486
2.88817	17.6549	4.79711	3.86472	0.31225	2.9449	17.8154	2.92405	17.3866	-3.54982	-3.60167	2.85889
2.77851	17.3171	5.02182	4.01949	0.541888	3.26647	17.0897	2.74805	17.2051	-3.49344	-3.66302	4.31634
2.60037	17.1083	5.06781	4.04441	0.538025	2.55407	17.0853	2.57486	17.0205	-3.437	-3.72251	0.179624
2.42122	17.0056	4.8885	3.9951	0.404546	2.55039	16.8884	2.4045	16.833	-3.38059	-3.78014	1.82471
2.25871	16.8293	4.88226	4.00897	0.395433	2.25371	16.8334	2.23695	16.6427	-3.32428	-3.83595	0.00469031
2.07736	16.6135	4.90817	4.01716	0.360818	1.57735	16.0489	2.07221	16.4497	-3.26812	-3.88995	5.55926
1.94597	16.2443	5.15119	4.12629	0.489569	1.88972	16.1054	1.91027	16.254	-3.21219	-3.94216	2.05612
1.76947	16.1505	4.94503	4.06568	0.348737	1.74362	16.2687	1.75112	16.0557	-3.15656	-3.99261	1.89472
1.53711	16.0479	4.88718	4.0036	0.234878	1.44745	16.0853	1.59474	15.8549	-3.10129	-4.04132	0.923431
1.43589	15.7274	5.08872	4.11502	0.399272	1.6097	15.5526	1.44111	15.6517	-3.04644	-4.08832	2.35423
1.26037	15.4801	5.18088	4.13376	0.396516	1.18395	15.4284	1.29021	15.4463	-2.99207	-4.13364	0.585587
1.08572	15.3342	5.0858	4.1029	0.317522	0.828993	15.528	1.14201	15.2386	-2.93825	-4.1773	1.11023
0.864253	15.0861	5.22229	4.09776	0.285634	0.722706	15.0075	0.996486	15.0288	-2.88503	-4.21933	1.80199
0.701345	14.9627	5.06734	4.06172	0.203446	1.03147	15.2134	0.853604	14.8169	-2.83246	-4.25977	1.98871
0.637772	14.7064	5.07393	4.13412	0.293808	0.737301	14.7047	0.71333	14.603	-2.78061	-4.29864	0.829591
0.540963	14.4169	5.18213	4.20357	0.381234	0.722177	14.2445	0.575628	14.3872	-2.72952	-4.33598	1.03253
0.34468	14.2182	5.20162	4.17705	0.314673	0.253435	14.2029	0.440459	14.1696	-2.67925	-4.37181	0.661141
0.237015	13.9167	5.36416	4.24744	0.41328	-0.0328023	13.9604	0.307779	13.9502	-2.62984	-4.40617	1.55235
0.27228	13.6379	5.30722	4.35568	0.541892	0.459172	13.6856	0.177545	13.7292	-2.58135	-4.43909	2.82851
0.166691	13.4192	5.27887	4.36604	0.520317	0.0524412	13.6377	0.0497099	13.5065	-2.53381	-4.47061	0.681929
-0.05756	13.263	5.21828	4.29382	0.378896	-0.190344	13.2856	-0.0757753	13.2823	-2.48728	-4.50075	1.71973
-0.19328	13.0812	5.1107	4.27224	0.311894	-0.275043	13.1456	-0.198962	13.0566	-2.44179	-4.52955	0.541569
-0.148072	12.8515	5.00845	4.36346	0.42236	0.0462308	12.9301	-0.319903	12.8295	-2.39739	-4.55704	3.25983
-0.287155	12.6507	4.92721	4.33515	0.337081	-0.684792	12.3563	-0.438654	12.6011	-2.35412	-4.58326	2.88671
-0.415475	12.4027	4.98663	4.33662	0.314543	-0.476482	12.3633	-0.555273	12.3714	-2.31202	-4.60823	0.378459
-0.55757	12.2279	4.92277	4.31012	0.255724	-0.972122	12.5207	-0.669818	12.1404	-2.27111	-4.63198	2.59162
-0.623269	12.0136	4.88559	4.33418	0.272014	-0.582624	12.0386	-0.78235	11.9083	-2.23144	-4.65456	0.164705
-0.758164	11.7755	4.94027	4.32773	0.245007	-1.26757	11.6495	-0.892931	11.6751	-2.19304	-4.67598	2.44981
-0.983983	11.5052	5.09064	4.27987	0.158737	-1.17212	11.3988	-1.00163	11.4409	-2.15594	-4.69628	3.4108
-1.0952	11.2858	5.02299	4.26742	0.11158	-0.891441	10.959	-1.1085	11.2057	-2.12017	-4.71549	2.12654
-1.29107	11.0733	5.04944	4.22153	0.0374587	-1.39289	11.0424	-1.21362	10.9695	-2.08575	-4.73364	0.891472
-1.3327	10.765	5.21801	4.31007	0.189816	-1.29894	10.9012	-1.31706	10.7324	-2.05273	-4.75075	1.99639
-1.45068	10.4792	5.30903	4.32317	0.195449	-1.49687	10.4198	-1.41889	10.4945	-2.02111	-4.76686	0.412738
-1.53357	10.1876	5.39282	4.35828	0.237133	-1.59293	10.0212	-1.51917	10.2559	-1.99093	-4.78198	0.541753
-1.66106	10.0883	5.14928	4.30866	0.147781	-1.61875	10.2374	-1.61797	10.0165	-1.96221	-4.79615	2.00792
-1.73818	9.85703	5.13198	4.32774	0.166092	-1.59702	9.96554	-1.71539	9.77637	-1.93498	-4.80939	0.392872
-1.79351	9.65408	5.05427	4.34739	0.182367	-1.73381	9.71347	-1.81147	9.53564	-1.90924	-4.82172	0.506747
-1.89361	9.36839	5.19468	4.37783	0.231351	-2.27191	9.37316	-1.90631	9.29431	-1.88502	-4.83316	2.5215
-1.91082	8.94478	5.47176	4.47145	0.350057	-1.93833	8.77028	-1.99998	9.05243	-1.86233	-4.84374	2.69794
-2.04487	8.81352	5.20758	4.40158	0.203463	-1.96565	9.13274	-2.09256	8.81003	-1.8412	-4.85347	3.60172
-2.14817	8.56111	5.22863	4.39913	0.185274	-2.1768	8.5411	-2.18412	8.56717	-1.82164	-4.86238	0.0925787
-2.30265	8.31016	5.271	4.3698	0.131247	-2.65862	8.19477	-2.27474	8.32388	-1.80365	-4.87047	2.49801
-2.30772	8.08565	5.1984	4.41443	0.185899	-2.21875	8.15339	-2.3645	8.0802	-1.78726	-4.87778	0.944953
-2.37517	7.92153	5.05294	4.40917	0.166222	-2.273	8.52315	-2.45348	7.83617	-1.77248	-4.8843	5.00372
-2.52032	7.66197	5.11481	4.38332	0.117255	-2.59674	7.60288	-2.54177	7.59184	-1.75931	-4.89006	0.710809
-2.72752	7.4555	5.0886	4.30672	-0.00983143	-3.08256	7.38874	-2.62944	7.34723	-1.74777	-4.89507	3.29865
-2.79148	7.14344	5.21238	4.34512	0.0477487	-2.79865	7.064	-2.71658	7.10238	-1.73786	-4.89933	0.55335
-2.8267	6.9051	5.20549	4.38886	0.121594	-2.79412	7.20818	-2.80326	6.85734	-1.72958	-4.90286	1.61893
-2.84177	6.73889	5.04561	4.41098	0.14325	-2.74651	6.86867	-2.88957	6.61214	-1.72295	-4.90566	1.88515
-2.9113	6.54515	4.91118	4.38605	0.0674808	-2.57673	6.36755	-2.97559	6.36681	-1.71797	-4.90774	3.34213
-2.92862	6.26426	4.97261	4.43522	0.134566	-2.90217	6.22989	-3.0614	6.12139	-1.71464	-4.90911	0.230074
-3.09434	6.02189	5.03807	4.39646	0.0801131	-3.50172	6.10796	-3.14709	5.87592	-1.71297	-4.90976	3.89933
-3.14547	5.66732	5.22494	4.44401	0.145135	-3.1778	5.53101	-3.23274	5.63043	-1.71295	-4.9097	1.54367
-3.31018	5.45108	5.15328	4.3633	-0.013155	-3.19736	5.19093	-3.31843	5.38496	-1.71458	-4.90893	2.35271
-3.40491	5.16576	5.23093	4.36946	-0.00235193	-3.43031	5.10507	-3.40424	5.13955	-1.71787	-4.90745	0.323265
-3.45034	4.9108	5.23921	4.40106	0.0507036	-3.4281	4.94644	-3.49026	4.89422	-1.72281	-4.90525	0.184636
-3.61547	4.61686	5.34557	4.36615	-0.00254654	-3.69435	4.52196	-3.57657	4.64902	-1.72939	-4.90233	1.17694
-3.72496	4.37434	5.32095	4.33626	-0.0669276	-3.50501	4.17643	-3.66325	4.40398	-1.73763	-4.89868	1.33307
-3.92675	4.11098	5.39014	4.27803	-0.146361	-4.00238	4.04684	-3.75039	4.15913	-1.74749	-4.8943	0.842623
-3.92541	3.86354	5.36457	4.36255	0.0202362	-4.06447	4.10977	-3.83806	3.91452	-1.75899	-4.88918	2.4242
-3.94354	3.66321	5.25903	4.39208	0.0612469	-3.88053	3.75177	-3.92635	3.67019	-1.77212	-4.8833	0.921714
-4.08406	3.52383	5.11253	4.32618	-0.0519229	-4.23729	3.88878	-4.01533	3.42616	-1.78686	-4.87666	3.50667
-4.15466	3.2548	5.15324	4.34658	-0.0176139	-4.15119	3.21968	-4.10509	3.18248	-1.8032	-4.86925	0.113222
-4.29721	2.99305	5.2054	4.31427	-0.0732958	-4.27467	2.88187	-4.19571	2.93919	-1.82113	-4.86104	0.609296
-4.33204	2.65488	5.32156	4.37414	0.0215386	-4.32451	2.55034	-4.28727	2.69633	-1.84065	-4.85202	0.978616
-4.42665	2.41035	5.31602	4.3661	0.00342998	-4.38481	2.39989	-4.37985	2.45393	-1.86173	-4.84218	0.0415005
-4.57355	2.13802	5.37737	4.33808	-0.0388968	-4.61223	2.09192	-4.47352	2.21205	-1.88436	-4.83149	0.31126
-4.69306	1.94959	5.30179	4.28278	-0.150258	-4.29257	1.92854	-4.56836	1.97072	-1.90853	-4.81994	3.35427
-4.83251	1.63439	5.42278	4.27572	-0.150712	-4.86829	1.53442	-4.66444	1.72998	-1.93422	-4.80751	0.89059
-4.94305	1.40214	5.40321	4.27064	-0.143777	-4.98165	1.43611	-4.76186	1.48989	-1.9614	-4.79417	0.0629578
-4.80926	1.18999	5.22619	4.40534	0.0713056	-4.66779	1.28643	-4.86066	1.25049	-1.99007	-4.7799	2.99322
-4.974	1.00524	5.19095	4.32773	-0.0684634	-4.98594	1.10894	-4.96095	1.01182	-2.02019	-4.76468	1.25737
-4.93146	0.780652	5.09734	4.4065	0.0568489	-4.85498	0.825661	-5.06277	0.77393	-2.05174	-4.74848	0.850738
-5.10744	0.421423	5.3253	4.33708	-0.09774	-4.84736	0.18101	-5.16621	0.536876	-2.08471	-4.73127	5.99967
-5.15494	0.20926	5.25449	4.35715	-0.0580709	-5.1231	0.257311	-5.27133	0.300706	-2.11906	-4.71303	0.288127
-5.3035	-0.0168668	5.24325	4.33871	-0.0534886	-5.99809	-0.290765	-5.3782	0.0654719	-2.15477	-4.69374	31.4528
-5.33499	-0.245382	5.18978	4.37368	0.00438645	-5.29972	-0.212982	-5.4869	-0.168772	-2.1918	-4.67335	0.220605
-5.52414	-0.391304	5.11741	4.2858	-0.133194	-5.64447	-0.144522	-5.59748	-0.401971	-2.23014	-4.65185	3.70691
-5.7871	-0.538406	5.09469	4.16775	-0.29683	-5.85359	-0.445801	-5.71001	-0.634069	-2.26974	-4.62919	1.38286
-5.8687	-0.773609	5.11465	4.17136	-0.290007	-5.30947	-0.724468	-5.82456	-0.865006	-2.31058	-4.60536	3.97977
-5.90574	-1.11458	5.22093	4.23815	-0.174435	-5.87835	-1.26863	-5.94118	-1.09472	-2.35262	-4.58032	2.06089
-5.9525	-1.40959	5.26404	4.28251	-0.102359	-5.68069	-1.52871	-6.05993	-1.32316	-2.39581	-4.55404	2.18908
-6.2069	-1.57649	5.27686	4.17659	-0.249011	-6.27263	-1.50938	-6.18087	-1.55025	-2.44014	-4.52648	1.02206
-6.36919	-1.81184	5.34908	4.13253	-0.317512	-6.11355	-1.75966	-6.30406	-1.77593	-2.48555	-4.49762	1.24864
-6.39649	-2.08694	5.32281	4.19898	-0.198094	-6.34007	-2.13685	-6.42954	-2.00014	-2.532	-4.46742	0.675505
-6.56865	-2.25985	5.24032	4.17038	-0.203141	-6.99344	-2.17445	-6.55738	-2.22281	-2.57946	-4.43585	3.27366
-6.76333	-2.46155	5.26634	4.12165	-0.259271	-6.79288	-2.4458	-6.68761	-2.44386	-2.62788	-4.40288	0.141083
-6.92692	-2.66277	5.23915	4.10364	-0.256903	-7.14408	-2.67584	-6.82029	-2.66323	-2.6772	-4.36847	0.684328
-6.89011	-2.98476	5.20993	4.22112	-0.0705489	-6.8003	-3.10086	-6.95546	-2.88084	-2.7274	-4.3326	2.27445
-7.03301	-3.2086	5.21964	4.2065	-0.08513	-7.13937	-3.22028	-7.09316	-3.09663	-2.7784	-4.29523	0.156532
-7.14166	-3.36434	5.10022	4.19934	-0.0850154	-7.12118	-3.26434	-7.23344	-3.3105	-2.83017	-4.25632	0.790726
-7.33986	-3.64276	5.2509	4.16636	-0.128311	-7.77186	-4.08999	-7.37632	-3.5224	-2.88265	-4.21586	5.09814
-7.49745	-3.70874	5.04408	4.11779	-0.181166	-7.49009	-3.49081	-7.52184	-3.73223	-2.93579	-4.1738	3.61493
-7.65938	-3.92422	5.10799	4.09013	-0.219883	-7.52393	-3.88213	-7.67004	-3.93992	-2.98953	-4.13012	0.47656
-7.84819	-4.19656	5.2485	4.07133	-0.234513	-7.88049	-4.29783	-7.82094	-4.14538	-3.04381	-4.08479	0.862926
-7.98912	-4.41803	5.2268	4.07762	-0.201672	-8.08524	-4.57834	-7.97457	-4.34854	-3.09857	-4.03778	0.529897
-8.18865	-4.69461	5.37643	4.05942	-0.215985	-8.22492	-4.79812	-8.13095	-4.5493	-3.15376	-3.98906	0.922458
-8.26322	-4.88248	5.14788	4.11152	-0.097917	-8.453	-4.95621	-8.2901	-4.74759	-3.2093	-3.93862	2.69132
-8.36371	-5.10017	5.10681	4.13265	-0.0606262	-8.33552	-5.1059	-8.45204	-4.94331	-3.26514	-3.88641	0.0953152
-8.48938	-5.24572	4.96744	4.12615	-0.056286	-8.55062	-4.79248	-8.61678	-5.13637	-3.32121	-3.83242	2.93736
-8.80011	-5.4724	5.19942	4.03609	-0.183075	-8.91477	-5.51752	-8.78433	-5.32669	-3.37745	-3.77663	1.60154
-8.93969	-5.66333	5.12213	4.04318	-0.151189	-9.04115	-5.69364	-8.95469	-5.51417	-3.43377	-3.71901	0.393709
-9.06123	-5.8387	5.04293	4.04902	-0.1314	-9.03391	-5.80267	-9.12788	-5.69872	-3.49012	-3.65955	0.173829
-9.14324	-5.96783	4.84044	4.06399	-0.096002	-8.86897	-5.41973	-9.30388	-5.88026	-3.54643	-3.59823	4.90059
-9.30477	-6.02033	4.65665	4.01286	-0.158639	-9.30811	-5.82368	-9.4827	-6.05868	-3.60261	-3.53503	2.93217
-9.53086	-6.22664	4.81245	3.97176	-0.209968	-9.80646	-6.41174	-9.66432	-6.23389	-3.6586	-3.46994	1.75171
-9.65331	-6.46772	4.85596	4.00146	-0.154406	-9.62547	-6.55958	-9.84874	-6.4058	-3.71431	-3.40295	0.727913
-9.96239	-6.64372	5.06547	3.91183	-0.275178	-10.6688	-6.35543	-10.0359	-6.57431	-3.76969	-3.33404	6.59034
-10.1901	-6.82361	5.1341	3.87772	-0.303781	-10.2246	-6.83402	-10.2259	-6.73933	-3.82463	-3.26321	0.129971
-10.3609	-6.97063	5.08556	3.86337	-0.304094	-10.2205	-6.71044	-10.4186	-6.90075	-3.87907	-3.19046	0.988615
-10.6672	-7.20026	5.33389	3.81733	-0.346035	-10.7616	-7.29159	-10.614	-7.05849	-3.93293	-3.11577	1.50945
-10.8506	-7.30794	5.19844	3.7919	-0.356608	-10.8944	-6.83335	-10.8121	-7.21245	-3.98613	-3.03916	2.15815
-11.1459	-7.50797	5.38773	3.75356	-0.383245	-11.2219	-7.56979	-11.0128	-7.36252	-4.03859	-2.96062	0.848449
-11.2725	-7.60206	5.1174	3.75198	-0.35897	-10.986	-7.3707	-11.2161	-7.50862	-4.09021	-2.88015	2.97858
-11.2775	-7.7178	4.76687	3.80335	-0.267722	-11.0934	-7.6776	-11.422	-7.65064	-4.14093	-2.79777	3.30779
-11.4761	-7.84205	4.79337	3.77617	-0.289664	-11.4213	-7.46085	-11.6304	-7.78849	-4.19066	-2.71349	1.45378
-11.5948	-7.90835	4.58535	3.75976	-0.294174	-11.5269	-7.8215	-11.8413	-7.92208	-4.23932	-2.6273	1.04953
-11.7865	-8.02349	4.55847	3.73694	-0.304925	-11.9422	-7.88317	-12.0546	-8.05131	-4.28682	-2.53924	0.308356
-12.033	-8.12312	4.61862	3.68917	-0.34914	-12.09	-8.08828	-12.2702	-8.17609	-4.33309	-2.44932	0.384395
-12.3229	-8.28739	4.92947	3.65962	-0.364482	-12.4462	-8.02117	-12.4881	-8.29633	-4.37802	-2.35756	3.2502
-12.4776	-8.3369	4.75203	3.63016	-0.381907	-12.4231	-8.2599	-12.7082	-8.41193	-4.42156	-2.26399	0.779765
-12.6642	-8.40801	4.63846	3.59992	-0.399443	-12.7461	-8.19449	-12.9304	-8.5228	-4.4636	-2.16863	0.614438
-13.0804	-8.58243	5.06563	3.54891	-0.436172	-13.2911	-8.64594	-13.1547	-8.62886	-4.50407	-2.07151	4.30951
-13.3588	-8.6807	5.14112	3.51337	-0.454214	-13.7929	-8.47158	-13.381	-8.73002	-4.54289	-1.97267	1.59268
-13.4913	-8.66961	4.85733	3.46954	-0.48914	-13.384	-8.57583	-13.6092	-8.82619	-4.57997	-1.87214	1.83537
-13.6694	-8.66933	4.65616	3.41523	-0.53906	-13.6376	-8.26344	-13.8392	-8.91729	-4.61524	-1.76997	2.06675
-13.9497	-8.86507	4.87589	3.44728	-0.452068	-13.9959	-8.99264	-14.0709	-9.00324	-4.64861	-1.6662	1.70438
-14.2464	-8.98528	5.09175	3.44394	-0.41418	-14.4737	-8.79552	-14.3043	-9.08395	-4.68001	-1.56086	1.61205
-14.4659	-9.12286	5.10329	3.46335	-0.358146	-14.4273	-9.1875	-14.5391	-9.15936	-4.70936	-1.45402	0.476525
-14.6675	-9.16773	4.95702	3.42999	-0.387392	-14.5757	-9.32634	-14.7754	-9.22939	-4.73658	-1.34573	0.768035
-14.9675	-9.14197	4.99735	3.3469	-0.475313	-15.062	-9.04396	-15.013	-9.29397	-4.76161	-1.23603	1.49776
-15.2595	-9.2321	5.08692	3.33452	-0.461821	-15.6189	-9.69365	-15.2517	-9.35302	-4.78436	-1.125	3.83745
-15.5941	-9.44099	5.35093	3.38967	-0.347113	-15.6682	-9.56749	-15.4916	-9.40649	-4.80476	-1.01269	2.15326
-15.7815	-9.40052	5.04514	3.30901	-0.458422	-15.9382	-9.35751	-15.7324	-9.45431	-4.82275	-0.899159	3.6364
-16.0633	-9.52863	5.16073	3.3315	-0.392675	-16.0862	-9.59819	-15.9741	-9.49642	-4.83827	-0.784484	0.546934
-16.2815	-9.48797	4.99775	3.25883	-0.479599	-16.6033	-8.85459	-16.2164	-9.53277	-4.85124	-0.668734	2.67084
-16.4735	-9.43001	4.85099	3.19273	-0.541382	-16.4229	-9.37029	-16.4594	-9.5633	-4.8616	-0.55198	0.621185
-16.6551	-9.4121	4.75348	3.16091	-0.543558	-16.011	-9.33486	-16.7027	-9.58797	-4.8693	-0.434301	4.5928
-16.9884	-9.43923	4.94191	3.14176	-0.528298	-17.1132	-9.43043	-16.9464	-9.60673	-4.87427	-0.315773	1.22328
-17.2805	-9.54279	5.07464	3.17917	-0.431231	-16.9255	-10.8571	-17.1903	-9.61954	-4.87646	-0.196479	7.1568
-17.5399	-9.56464	5.09281	3.16602	-0.418819	-17.5448	-9.57485	-17.4342	-9.62636	-4.87583	-0.0765024	0.0138539
-17.7868	-9.53037	5.02614	3.1117	-0.479931	-18.1371	-9.39146	-17.6781	-9.62717	-4.87232	0.0440703	1.40382
-18.0005	-9.46115	4.94442	3.0523	-0.532173	-17.9724	-9.42299	-17.9216	-9.62194	-4.86588	0.165151	0.245291
-18.2355	-9.41388	4.91587	3.0103	-0.556907	-18.3083	-9.18778	-18.1648	-9.61064	-4.85648	0.286648	0.206365
-18.4149	-9.48584	4.8187	3.04653	-0.466731	-18.2763	-9.60997	-18.4074	-9.59325	-4.84408	0.40847	2.51199
-18.656	-9.49374	4.87005	3.05686	-0.402804	-18.2443	-9.58547	-18.6493	-9.56977	-4.82864	0.530522	1.91289
-18.9259	-9.50156	4.92569	3.0566	-0.373394	-18.9545	-9.51544	-18.8904	-9.54017	-4.81012	0.652707	0.100276
-19.1289	-9.44839	4.88204	3.02683	-0.378885	-18.6983	-9.02886	-19.1305	-9.50447	-4.78851	0.774927	4.11542
-19.3044	-9.23644	4.75535	2.89065	-0.548464	-19.2983	-9.09865	-19.3694	-9.46265	-4.76378	0.897083	1.98138
-19.5441	-9.17526	4.7841	2.86784	-0.537518	-19.7037	-8.79906	-19.6069	-9.41472	-4.73591	1.01907	0.434557
-19.7981	-9.043	4.83648	2.80256	-0.59168	-19.8731	-8.96417	-19.8431	-9.36071	-4.70487	1.1408	0.843532
-20.0507	-8.96261	4.91697	2.79366	-0.542849	-20.3815	-7.6755	-20.0775	-9.30061	-4.67066	1.26215	4.87451
-20.3229	-9.24734	4.91275	3.00514	-0.199546	-20.1607	-9.59663	-20.3102	-9.23446	-4.63328	1.38303	12.0242
-20.5338	-9.19104	4.82071	2.96381	-0.260148	-20.4587	-9.7448	-20.5409	-9.16227	-4.59271	1.50334	1.47701
-20.6919	-9.00918	4.71085	2.85322	-0.400526	-20.6596	-8.91527	-20.7696	-9.08409	-4.54895	1.62296	1.12829
-20.9495	-8.94055	4.75255	2.83125	-0.411279	-21.5568	-8.5005	-20.9959	-8.99994	-4.50202	1.74179	2.77486
-21.1038	-8.8379	4.63671	2.78082	-0.455053	-21.0195	-8.85081	-21.2198	-8.90987	-4.45191	1.85972	0.567616
-21.3612	-8.77218	4.69202	2.77097	-0.443019	-21.8628	-8.64129	-21.4412	-8.81393	-4.39865	1.97666	2.31442
-21.5701	-8.77217	4.64882	2.80073	-0.369458	-21.5029	-8.87191	-21.6597	-8.71217	-4.34224	2.0925	1.04632
-21.6961	-8.57318	4.4964	2.67149	-0.549048	-21.9514	-7.41274	-21.8754	-8.60465	-4.2827	2.20712	4.98876
-21.9471	-8.53331	4.56163	2.69554	-0.474939	-21.9793	-8.57089	-22.0881	-8.49143	-4.22007	2.32043	0.290748
-22.1663	-8.44148	4.61178	2.69514	-0.424815	-22.1914	-7.70392	-22.2975	-8.37258	-4.15437	2.43232	1.8959
-22.4715	-8.37866	4.76253	2.72311	-0.352738	-22.5838	-8.35296	-22.5035	-8.24817	-4.08564	2.5427	1.04472
-22.6116	-8.22396	4.63932	2.63749	-0.46566	-22.3177	-8.57758	-22.7061	-8.11829	-4.01391	2.65145	1.42089
-22.8262	-7.91946	4.77209	2.50153	-0.624366	-22.9861	-7.6724	-22.9049	-7.98301	-3.93923	2.75848	6.0568
-23.0234	-7.7717	4.76576	2.45379	-0.667755	-23.2693	-8.32031	-23.1	-7.84243	-3.86163	2.8637	2.58494
-23.3287	-7.63833	4.95178	2.47336	-0.588861	-23.4777	-7.56583	-23.2911	-7.69663	-3.78118	2.967	1.98798
-23.5456	-7.5067	4.99315	2.48313	-0.51319	-23.473	-7.02103	-23.4781	-7.54572	-3.69792	3.06828	1.23991
-23.641	-7.32279	4.86802	2.40444	-0.591123	-23.5408	-7.36069	-23.6609	-7.3898	-3.61191	3.16746	0.897848
-23.8587	-7.17916	4.91958	2.41182	-0.526235	-24.0505	-6.56968	-23.8393	-7.22897	-3.52321	3.26445	0.960524
-24.0299	-7.11313	4.81552	2.43548	-0.456092	-23.9384	-7.26171	-24.0132	-7.06336	-3.43189	3.35916	2.03662
-24.1649	-6.90438	4.79164	2.36002	-0.540134	-24.3577	-5.94086	-24.1825	-6.89307	-3.33801	3.45149	2.04478
-24.2415	-6.5864	4.81407	2.21768	-0.705168	-24.2574	-6.4352	-24.347	-6.71823	-3.24166	3.54138	1.96541
-24.4675	-6.44695	4.86719	2.24262	-0.623003	-24.788	-7.18367	-24.5066	-6.53896	-3.14289	3.62873	4.01349
-24.4758	-6.28193	4.65726	2.16004	-0.700968	-24.3008	-6.43799	-24.6612	-6.35538	-3.0418	3.71347	3.70193
-24.6652	-6.13059	4.69564	2.19565	-0.576082	-24.6108	-6.00878	-24.8107	-6.16764	-2.93846	3.79553	0.783847
-24.9877	-5.98832	4.86402	2.28363	-0.40431	-25.146	-5.91902	-24.955	-5.97587	-2.83295	3.87484	2.50857
-25.0588	-5.74951	4.82725	2.19199	-0.51232	-24.8975	-5.02285	-25.094	-5.7802	-2.72537	3.95132	2.37939
-25.2094	-5.59029	4.79714	2.18973	-0.479048	-25.1941	-5.64372	-25.2276	-5.58079	-2.61581	4.02492	0.21449
-25.3805	-5.41041	4.81638	2.19133	-0.441521	-25.5328	-5.4399	-25.3556	-5.37777	-2.50435	4.09557	0.341184
-25.5303	-5.17874	4.87877	2.16057	-0.453331	-25.5713	-5.10241	-25.4779	-5.1713	-2.39109	4.16322	0.481555
-25.658	-5.00378	4.84246	2.15745	-0.413154	-25.0178	-6.55904	-25.5946	-4.96152	-2.27613	4.22781	5.57948
-25.7491	-4.82655	4.76888	2.12478	-0.43129	-25.6952	-4.89995	-25.7055	-4.7486	-2.15956	4.2893	0.539887
-25.861	-4.61703	4.76777	2.09641	-0.439131	-25.8162	-4.40681	-25.8105	-4.53268	-2.04149	4.34764	0.145682
-25.9404	-4.3527	4.81228	2.03091	-0.501501	-25.9516	-4.26659	-25.9096	-4.31392	-1.92202	4.40279	0.543587
-26.0511	-4.12397	4.81836	1.96373	-0.610801	-26.8953	-4.43966	-26.0027	-4.0925	-1.80125	4.45471	10.2261
-26.0962	-3.81785	4.90162	1.87838	-0.68854	-26.1198	-3.67723	-26.0897	-3.86856	-1.67928	4.50337	1.38849
-26.1931	-3.58911	4.91463	1.84713	-0.700716	-26.5652	-3.85723	-26.1706	-3.64227	-1.55623	4.54875	2.09829
-26.0794	-3.28591	4.88481	1.68338	-0.888006	-25.9974	-3.24722	-26.2453	-3.41381	-1.4322	4.59081	1.12479
-26.2205	-3.08104	4.89838	1.74542	-0.707999	-26.2976	-3.01078	-26.3138	-3.18332	-1.30729	4.62954	1.24617
-26.2074	-2.84555	4.86383	1.67793	-0.755653	-26.1741	-2.87885	-26.376	-2.95098	-1.18162	4.66493	0.179435
-26.3522	-2.64297	4.85561	1.74289	-0.590037	-26.4681	-3.44967	-26.4319	-2.71697	-1.05529	4.69696	2.46637
-26.6051	-2.53452	4.73349	1.88054	-0.350168	-26.674	-2.73852	-26.4815	-2.48143	-0.928411	4.72562	3.88507
-26.5933	-2.286	4.73554	1.78806	-0.478275	-26.657	-1.72382	-26.5247	-2.24456	-0.80109	4.75091	1.12578
-26.6689	-2.09588	4.68238	1.78989	-0.441831	-26.6691	-2.17333	-26.5616	-2.0065	-0.673434	4.77284	0.401087
-26.6513	-1.85139	4.68428	1.72608	-0.496521	-26.3248	-1.32261	-26.5921	-1.76744	-0.545553	4.79141	2.05961
-26.5345	-1.57875	4.70157	1.59348	-0.652104	-26.4671	-1.53207	-26.6161	-1.52753	-0.417552	4.80664	0.838047
-26.5427	-1.35653	4.68393	1.56738	-0.642634	-26.4998	-2.19526	-26.6338	-1.28695	-0.289538	4.81852	1.1278
-26.5801	-1.13349	4.67925	1.56502	-0.599673	-26.5998	-1.14277	-26.6451	-1.04586	-0.161616	4.8271	0.0611425
-26.6616	-0.915283	4.67284	1.58424	-0.542399	-27.2008	-1.67679	-26.65	-0.804425	-0.0338883	4.83238	4.94995
-26.7082	-0.660243	4.71972	1.58765	-0.497232	-26.7355	-0.59539	-26.6485	-0.562811	0.0935412	4.83439	0.346467
-26.6522	-0.415005	4.73964	1.49505	-0.626861	-26.9891	0.0351487	-26.6406	-0.321181	0.220572	4.83317	2.35038
-26.5076	-0.106635	4.86327	1.37445	-0.753013	-26.4553	0.0602653	-26.6264	-0.0796947	0.347104	4.82874	2.20378
-26.5611	0.129037	4.85614	1.41083	-0.645166	-26.9537	0.136943	-26.6059	0.161489	0.473041	4.82116	3.24044
-26.5892	0.427635	4.95396	1.42811	-0.570829	-26.6201	0.57588	-26.5792	0.402213	0.598287	4.81045	1.52789
-26.6058	0.669101	4.94182	1.43751	-0.516254	-26.8241	0.381506	-26.5462	0.642323	0.722748	4.79667	0.778163
-26.6821	0.958002	5.00012	1.49036	-0.40098	-26.7293	1.06082	-26.5069	0.881666	0.846334	4.77986	1.0206
-26.588	1.22076	5.03621	1.43488	-0.436567	-25.9562	2.60409	-26.4616	1.12009	0.968955	4.76007	6.74712
-26.4451	1.44962	5.03055	1.34049	-0.541915	-26.3986	1.42212	-26.4101	1.35745	1.09053	4.73737	0.370457
-26.4397	1.66882	4.97054	1.35748	-0.467985	-26.5072	-0.563928	-26.3526	1.59361	1.21096	4.71181	8.21447
-26.3627	1.87255	4.91746	1.31652	-0.494647	-26.3594	1.79315	-26.2891	1.82841	1.33018	4.68345	0.409793
-26.2855	2.10327	4.9158	1.27855	-0.519353	-26.3475	1.82827	-26.2197	2.06173	1.44811	4.65235	0.170169
-26.2294	2.29125	4.83658	1.25878	-0.512125	-26.2502	2.18481	-26.1444	2.29342	1.56467	4.61859	0.745373
-26.1915	2.52275	4.81559	1.27378	-0.435366	-26.069	2.27896	-26.0633	2.52336	1.67979	4.58223	0.587587
-26.0864	2.76364	4.8541	1.23253	-0.463053	-26.0641	2.80701	-25.9765	2.75141	1.79339	4.54334	0.165199
-25.9637	2.98101	4.87663	1.15634	-0.571223	-26.3234	3.02388	-25.8841	2.97746	1.90543	4.502	2.10413
-25.8627	3.2674	4.98506	1.13971	-0.550934	-25.8345	3.42005	-25.7861	3.20139	2.01582	4.45828	1.52827
-25.8192	3.50661	4.97651	1.14939	-0.504534	-26.1824	3.73376	-25.6826	3.42306	2.12452	4.41227	1.97347
-25.6741	3.69402	4.94762	1.09003	-0.555499	-25.6666	3.63509	-25.5737	3.64239	2.23146	4.36404	0.263921
-25.5644	3.90261	4.92457	1.07105	-0.535803	-25.5773	3.13316	-25.4596	3.85924	2.3366	4.31367	1.1131
-25.6275	4.11048	4.78047	1.15821	-0.372092	-25.7492	3.99968	-25.3402	4.07353	2.43989	4.26125	2.21362
-25.4337	4.29072	4.8062	1.05911	-0.502877	-25.3516	3.75691	-25.2157	4.28514	2.54127	4.20686	1.39189
-25.1324	4.47208	4.91467	0.913953	-0.676434	-25.0214	4.52803	-25.0863	4.49399	2.64071	4.15058	1.52443
-25.0267	4.68003	4.84016	0.961539	-0.500636	-24.2719	4.30917	-24.9518	4.69998	2.73817	4.09251	9.69173
-24.9806	4.89802	4.78769	1.00047	-0.408288	-25.0363	4.88499	-24.8126	4.90303	2.83361	4.03273	0.36351
-24.7794	5.0734	4.81412	0.936697	-0.463495	-24.3609	4.95947	-24.6686	5.10304	2.92701	3.97132	2.37608
-24.5683	5.27729	4.90065	0.878188	-0.51307	-24.5041	5.35293	-24.5201	5.29995	3.01833	3.90839	0.677081
-24.3841	5.44775	4.91404	0.826548	-0.557646	-24.4379	5.24592	-24.367	5.49367	3.10754	3.84401	0.156709
-24.1549	5.60363	4.95432	0.756094	-0.618865	-24.1159	5.61152	-24.2095	5.68414	3.19464	3.77827	0.170219
-24.0319	5.77757	4.89825	0.759539	-0.571585	-24.5638	4.75836	-24.0477	5.8713	3.27959	3.71127	3.44359
-23.8894	5.95242	4.86871	0.754788	-0.537599	-23.9153	5.94377	-23.8818	6.05508	3.36239	3.64309	0.0703299
-23.8129	6.18143	4.77552	0.838707	-0.341042	-23.5491	6.44495	-23.7117	6.23542	3.44302	3.57383	2.33475
-23.6391	6.3283	4.76052	0.802946	-0.3687	-23.6471	6.29102	-23.5377	6.41227	3.52148	3.50357	0.104455
-23.5022	6.50848	4.74448	0.799339	-0.353892	-23.7544	6.53746	-23.3598	6.58559	3.59775	3.4324	0.77444
-23.1837	6.69759	4.96785	0.712657	-0.450329	-23.0099	6.86182	-23.1781	6.75533	3.67185	3.36041	3.88896
-22.9861	6.84168	4.93053	0.699726	-0.41153	-22.7862	5.74143	-22.9928	6.92146	3.74376	3.28768	5.05802
-22.7547	7.0078	5.00061	0.663374	-0.43306	-22.6991	7.063	-22.804	7.08393	3.8135	3.21431	0.406737
-22.5273	7.13678	5.01173	0.620941	-0.458856	-22.418	6.76159	-22.6117	7.24273	3.88106	3.14038	0.803232
-22.4292	7.32733	4.91535	0.670252	-0.355405	-22.5083	7.31524	-22.4161	7.39782	3.94647	3.06598	0.629334
-22.1299	7.40686	5.03461	0.543604	-0.546007	-22.0543	7.85452	-22.2173	7.54917	4.00974	2.99118	2.17103
-22.0893	7.65713	4.90363	0.654542	-0.3465	-22.1947	7.69478	-22.0154	7.69679	4.07087	2.91607	1.58326
-21.9061	7.83407	4.92472	0.651972	-0.331209	-21.6178	9.0351	-21.8105	7.84064	4.12989	2.84074	3.45288
-21.6709	7.95002	4.95451	0.603447	-0.377489	-21.6473	7.94	-21.6026	7.98072	4.18681	2.76526	0.0844158
-21.4827	8.08484	4.94022	0.582295	-0.39057	-21.8637	7.78661	-21.392	8.11703	4.24166	2.68971	1.16012
-21.1111	8.00085	4.99126	0.383687	-0.652585	-21.0853	7.83229	-21.1787	8.24957	4.29447	2.61417	3.09998
-21.0371	8.24619	4.79499	0.531739	-0.344727	-20.5503	9.28616	-20.9628	8.37833	4.34526	2.53871	7.66607
-20.9638	8.47207	4.67419	0.622505	-0.189433	-21.0519	8.50983	-20.7444	8.50333	4.39406	2.46341	1.10968
-20.6192	8.50174	4.87033	0.470864	-0.427126	-19.9265	9.40847	-20.5237	8.62457	4.4409	2.38835	6.40518
-20.3237	8.61431	4.99902	0.423399	-0.462944	-20.21	8.68914	-20.3006	8.74206	4.48582	2.31358	1.24402
-20.1859	8.79728	4.87993	0.49808	-0.297763	-20.2277	8.8532	-20.0753	8.85583	4.52884	2.23919	1.36349
-20.0081	8.90459	4.81858	0.492452	-0.285343	-20.0633	8.86724	-19.848	8.96589	4.57001	2.16524	0.294089
-19.8189	9.0317	4.78247	0.500784	-0.245484	-19.9264	8.78179	-19.6186	9.07227	4.60937	2.09179	0.26338
-19.5211	9.03314	4.84791	0.395417	-0.380574	-19.4861	8.96665	-19.3873	9.17499	4.64694	2.01891	0.715599
-19.2755	9.14262	4.89535	0.380654	-0.372627	-18.5719	10.2069	-19.1542	9.27409	4.68278	1.94666	4.27879
-18.8728	9.14759	5.1329	0.257983	-0.520133	-18.6786	9.19191	-18.9193	9.36959	4.71692	1.8751	3.12452
-18.7307	9.29535	4.97836	0.324731	-0.373668	-19.2825	8.98189	-18.6827	9.46154	4.7494	1.80429	3.39119
-18.4801	9.41118	5.0262	0.325169	-0.344665	-18.4242	9.46852	-18.4446	9.54996	4.78028	1.73429	0.427023
-18.1689	9.39312	5.11672	0.225179	-0.472065	-18.1634	8.72444	-18.2049	9.63492	4.80959	1.66514	2.79324
-17.902	9.57567	5.20593	0.274231	-0.363385	-17.7736	9.72478	-17.9639	9.71643	4.83737	1.59691	2.68848
-17.6812	9.71012	5.13996	0.32207	-0.242845	-17.2296	9.97767	-17.7214	9.79457	4.86368	1.52964	2.19143
-17.4129	9.82514	5.19944	0.325622	-0.218675	-17.3436	9.88109	-17.4777	9.86936	4.88856	1.46338	0.524171
-17.155	9.89195	5.23562	0.293096	-0.263239	-17.1554	10.212	-17.2328	9.94087	4.91205	1.39818	0.674153
-16.9266	10.064	5.23796	0.343348	-0.169804	-16.8876	10.145	-16.9868	10.0091	4.93421	1.33408	0.68148
-16.6419	10.0976	5.30118	0.285625	-0.254121	-16.5958	10.1078	-16.7396	10.0743	4.95507	1.27113	0.369743
-16.4638	10.2693	5.21145	0.347763	-0.144635	-16.5153	10.3091	-16.4915	10.1362	4.97469	1.20937	0.536182
-16.1687	10.287	5.30428	0.269699	-0.273293	-16.09	10.5824	-16.2424	10.1952	4.99311	1.14883	1.24399
-15.9262	10.2698	5.25385	0.208307	-0.345026	-16.006	10.1843	-15.9924	10.2511	5.01039	1.08956	0.970716
-15.6955	10.3592	5.21127	0.223809	-0.28984	-15.7234	10.41	-15.7416	10.3041	5.02655	1.03159	0.188748
-15.4617	10.3019	5.14536	0.146132	-0.385001	-15.5699	10.1904	-15.4899	10.3543	5.04166	0.974957	1.71789
-15.1268	10.2811	5.28928	0.0720543	-0.474166	-14.2385	10.9109	-15.2376	10.4016	5.05576	0.919692	5.74538
-14.9161	10.4096	5.2228	0.124537	-0.362008	-14.9365	10.4722	-14.9846	10.4462	5.06889	0.865828	0.554176
-14.6908	10.4786	5.10291	0.16352	-0.241737	-14.724	9.63507	-14.7309	10.4882	5.0811	0.813394	5.54674
-14.3907	10.338	5.16503	0.035434	-0.413383	-14.4088	10.222	-14.4766	10.5276	5.09243	0.762418	1.49819
-14.1493	10.3928	5.11221	0.0573375	-0.336626	-13.9005	10.5238	-14.2218	10.5645	5.10293	0.712926	0.775219
-13.9244	10.712	5.07713	0.231993	-0.0529354	-13.8049	10.9383	-13.9665	10.5989	5.11263	0.664944	5.85485
-13.6494	10.738	5.1294	0.20451	-0.0918402	-13.3956	10.7857	-13.7107	10.631	5.12159	0.618496	0.574361
-13.3537	10.6405	5.19663	0.102947	-0.235382	-13.3556	10.5517	-13.4545	10.6608	5.12983	0.573603	0.930275
-13.0866	10.663	5.21727	0.0869209	-0.243631	-12.9374	10.8137	-13.1979	10.6884	5.13741	0.530288	0.192937
-12.9166	10.8983	5.07517	0.217391	-0.0332656	-12.9591	11.0099	-12.9409	10.7138	5.14436	0.48857	1.86603
-12.6226	10.8921	5.17718	0.15853	-0.135466	-12.2518	11.2495	-12.6836	10.7373	5.15071	0.448467	1.6979
-12.3316	10.7331	5.22478	0.0245853	-0.324018	-12.3713	10.6091	-12.426	10.7587	5.15651	0.409997	1.77701
-12.1032	10.8241	5.13814	0.0815864	-0.196117	-11.9352	10.9161	-12.1681	10.7783	5.16179	0.373177	1.06747
-11.9076	10.9827	5.04032	0.164033	-0.0607747	-11.9451	11.0515	-11.91	10.7961	5.16658	0.338022	0.798031
-11.5902	10.9355	5.16688	0.0942723	-0.165331	-10.9703	10.9676	-11.6516	10.8121	5.17092	0.304546	3.68524
-11.3772	10.96	5.09447	0.0911714	-0.158476	-11.4548	10.9407	-11.393	10.8265	5.17484	0.272761	0.427753
-11.057	10.77	5.26987	-0.0905594	-0.458692	-11.3472	10.5111	-11.1342	10.8394	5.17836	0.242681	5.14482
-10.7218	10.686	5.40218	-0.153991	-0.51641	-10.6009	10.6823	-10.8753	10.8509	5.18153	0.214317	1.06623
-10.5126	10.7704	5.24145	-0.0789665	-0.346834	-10.6563	10.8369	-10.6161	10.8609	5.18435	0.187679	1.99612
-10.3197	10.8406	5.11087	-0.0363217	-0.260949	-10.4142	10.8747	-10.3569	10.8697	5.18687	0.162776	0.866662
-10.1003	10.9779	4.97631	0.0642954	-0.0682645	-9.90413	11.2255	-10.0976	10.8772	5.1891	0.139618	2.46468
-9.85589	11.0612	4.96111	0.103732	-0.00532503	-9.83445	11.1032	-9.83809	10.8837	5.19106	0.118212	0.225305
-9.60987	10.9628	4.99732	0.0143823	-0.150885	-10.195	10.3498	-9.57852	10.8891	5.19278	0.0985664	4.82736
-9.3483	11.0049	5.01574	0.0318086	-0.113866	-9.3066	11.0348	-9.31887	10.8936	5.19428	0.0806865	0.196087
-9.08969	10.9428	5.02924	-0.0118301	-0.162213	-9.2226	10.3527	-9.05915	10.8972	5.19557	0.0645787	3.05274
-8.83266	11.0195	5.03096	0.0317419	-0.0857752	-8.78899	11.0707	-8.79937	10.9001	5.19667	0.050248	0.401451
-8.57325	10.9125	5.04929	-0.0384069	-0.174088	-8.83914	10.0319	-8.53953	10.9023	5.19759	0.0376992	7.08398
-8.40901	10.7636	4.9247	-0.133508	-0.303072	-8.62045	10.6577	-8.27965	10.9039	5.19835	0.0269359	3.93692
-8.17984	10.8469	4.84899	-0.0586102	-0.153617	-7.91543	11.1157	-8.01974	10.905	5.19896	0.0179617	1.9361
-7.80607	10.9148	5.05925	-0.0130195	-0.0730751	-7.51971	11.0005	-7.75979	10.9057	5.19942	0.0107791	5.99471
-7.53691	10.9104	5.0683	-0.00382621	-0.0378607	-7.25987	10.6458	-7.49981	10.9061	5.19975	0.00539029	1.8372
-7.2361	10.8396	5.16705	-0.0504321	-0.102758	-7.15631	10.815	-7.23983	10.9063	5.19994	0.00179692	0.561864
-7.02683	10.951	5.03773	0.0396936	0.0546823	-7.39396	11.0181	-6.97983	10.9064	5.2	-7.84874e-15	2.44996
